country	name	city	type	website	facebook	source
FR	Aloha Wakepark	La Tranche-sur-Mer	system2		facebook.com/alohawakepark	tsn44
FR	Authentic Wake Park	Rochebrune	system2		facebook.com/AuthenticWakePark	tsn44
FR	AWAKE Park	Saint-Jory	system2		facebook.com/awakepark	tsn44
FR	Cachin Wake Park 73	Lescheraines	system2	cachinwakepark.com		tsn44
FR	Cap'Decouverte Wakepark	Le Garric	system2	vert-marine.com		tsn44
FR	Castor Wake Park	Saint-Christoly-de-Blaye	system2		facebook.com/castorwakepark	tsn44
FR	Chill & Ride Wakepark	Orgon	system2			tsn44
FR	Courchevel Wake Park	Saint-Bon-Tarentaise	system2		facebook.com/courchevel.wake.park	tsn44
FR	Damville Wakepark	Damville	system2		facebook.com/damville.wakepark	tsn44
FR	Delta Wake Park	Vercheny	system2			tsn44
FR	Eole Aventure	Troarn	system2		facebook.com/EOLEAventure	tsn44
FR	Evasion Cable Park	Monteils	system2			tsn44
FR	Wakepark Hourtin	Hourtin	system2			tsn44
FR	Wakepark Lacanau	Lacanau	system2		facebook.com/wakeparklacanau	tsn44
FR	Jungle Wake Park	Jausiers	system2			tsn44
FR	Kithau Wakepark	Marseillan	system2		facebook.com/Kithau	tsn44
FR	KS Wakepark	Apremont	system2		facebook.com/ks.wakepark	tsn44
FR	Martinique Wake Park	Les Trois-Ilets	system2		facebook.com/martiniquewakepark	tsn44
FR	Massif Wake Park	Cournon-d'Auvergne	system2		facebook.com/massifwakepark	tsn44
FR	Mountain Wake Park	Saint-Julien-en-Champsaur	system2		facebook.com/MOUNTAINWAKEPARK	tsn44
FR	Nat Wake Board'O	Cadaujac	system2		facebook.com/ecowakepark33	tsn44
FR	Off Axis Wake	Muret	system2		facebook.com/offaxis.wake	tsn44
FR	Brumath Aventure Wakepark	Brumath	system2	brumath-aventure.fr		tsn44
FR	Paris Wakepark	Choisy-le-Roi	system2	lasourcewakepark.fr		tsn44
FR	Poule Wake Park	Feissons-sur-Isere	system2	poulewakepark.fr		tsn44
FR	Teleski Nautique de Carcassonne	Carcassonne	system2			tsn44
FR	Teleski Nautique de Saugues	Saugues	system2			tsn44
FR	TeMerAir WakePark	Arvert	system2		facebook.com/TeMerairWakePark	tsn44
FR	The Wake Camp Saverdun	Saverdun	system2			tsn44
FR	Tiki Wake Park	Seilhac	system2		facebook.com/tikiwakepark	tsn44
FR	TNB 16	Brossac	system2		facebook.com/Tnb16	tsn44
FR	Touquet Wakepark	Le Touquet-Paris-Plage	system2			tsn44
FR	Wake Up Ales	Ales	system2		facebook.com/wakeupales	tsn44
FR	Wakepark Cable La Grande-Motte	La Grande-Motte	system2	wakeparkcable.com		tsn44
FR	Wakepark Izon	Izon	system2		facebook.com/wakeparkizon	tsn44
FR	Wood Wakepark 79	Saint-Christophe-sur-Roc	system2	woodwakepark79.com		tsn44
FR	Addict Wake Park	Moirans	system2	addict-wake.fr		tsn44
FR	Original Green Park	Bessieres	system2		facebook.com/originalgreenpark	tsn44
FR	The Wakepark	Beauchamps	system2		facebook.com/thewakepark	tsn44
FR	Urban Wake Park	Le Pontet	system2		facebook.com/UrbanWakePark	tsn44
FR	Ezylake	Ezy-sur-Eure	system2		facebook.com/ezylake	tsn44
FR	Wakelagoona	Virelade	system2	wakelagoona.com		tsn44
FR	ACP Amiens Cable Park	Dreuil-les-Amiens	fullsize		facebook.com/amienscablepark	tsn44
FR	Advance Ride	Saint-Renan	fullsize			tsn44
FR	Anjou Wake Park	Notre-Dame-d'Allencon	fullsize		facebook.com/AnjouWakePark	tsn44
FR	Loisinord Stade de Glisse	Noeux-les-Mines	fullsize		facebook.com/LoisinordStadeDeGlisse	tsn44
FR	Base Nautique de Mercus	Mercus-Garrabet	fullsize			tsn44
FR	BZH Wakepark Bretagne	Dolo	fullsize	lasourcewakepark.fr		tsn44
FR	Cablepark Avensan	Avensan	fullsize		facebook.com/cablepark	tsn44
FR	Etoile Park 26	Etoile-sur-Rhone	fullsize			tsn44
FR	EXO 01 Lac de la Rena	Lent	fullsize			tsn44
FR	EXO 13 TNX Cable Park	Peyrolles-en-Provence	fullsize		facebook.com/TNXCablePark	tsn44
FR	EXO 33 Baurech	Baurech	fullsize			tsn44
FR	EXO 38 Wakepark Tencin	Tencin	fullsize	exoloisirs.com		tsn44
FR	EXO 64 Sames	Sames	fullsize		facebook.com/tnsames64	tsn44
FR	EXO 83 Le Muy	Le Muy	fullsize	exoloisirs.com		tsn44
FR	Koba Wake Park	Wittisheim	fullsize		facebook.com/kobawakepark	tsn44
FR	La Rincerie Wakepark	La Selle-Craonnaise	fullsize	wakepark-rincerie.com		tsn44
FR	La Source Wake Park	Carbonne	fullsize	lasourcewakepark.fr		tsn44
FR	Les O Kiri Wakepark	Baudreix	fullsize		facebook.com/TeleskiNautiqueDeBaudreix	tsn44
FR	Natural Wake Park	Paray-sous-Briailles	fullsize		facebook.com/naturalwakepark	tsn44
FR	South Wake Park	Puget-sur-Argens	fullsize		facebook.com/southwakepark	tsn44
FR	Teleski Nautique du Barcares	Le Barcares	fullsize		facebook.com/TeleskiBarca	tsn44
FR	Teleski Nautique de Bram	Bram	fullsize		facebook.com/teleskinautiquebram	tsn44
FR	Teleski Nautique de Cany-Barville	Vittefleur	fullsize	lacdecaniel.fr		tsn44
FR	Teleski Nautique de Lery-Poses	Poses	fullsize	lery-poses.fr		tsn44
FR	Teleski Nautique EXO 77	La Grande-Paroisse	fullsize		facebook.com/exo77lgp	tsn44
FR	Teleski Nautique Jablines-Annet	Jablines	fullsize			tsn44
FR	Teleski Nautique Moncontour	Moncontour	fullsize		facebook.com/teleskinautiquemoncontour	tsn44
FR	Teleski Nautique Pouligny-Notre-Dame	Pouligny-Notre-Dame	fullsize		facebook.com/sensasparc	tsn44
FR	Teleski Nautique de Saujon	Saujon	fullsize	teleskisaujon.fr		tsn44
FR	Teleski Nautique de Verberie	Verberie	fullsize	parknauticverberie.com		tsn44
FR	The Wake Garden	Beauvais	fullsize		facebook.com/thewakegarden	tsn44
FR	TN28	Fontaine-Simon	fullsize	tn28.fr		tsn44
FR	TNA Cablepark	Arenthon	fullsize		facebook.com/TNACablePark	tsn44
FR	TNCO Teleski Nautique Cote d'Or	Premeaux-Prissey	fullsize		facebook.com/tnco21	tsn44
FR	TNG Cable Park	L'Isle-Jourdain	fullsize		facebook.com/tngcablepark32	tsn44
FR	TNS 73	Aiton	fullsize		facebook.com/tns73	tsn44
FR	Totem Wake Park	Creches-sur-Saone	fullsize			tsn44
FR	TSN 44 Saint-Viaud	Saint-Viaud	fullsize	tsn44.com		tsn44
FR	TSN 44.2 Nozay	Nozay	fullsize	tsn44.com		tsn44
FR	Wake Paradise Spay	Spay	fullsize		facebook.com/WakeParadise72	tsn44
FR	Wakepark Cergy-Pontoise	Cergy	fullsize			tsn44
FR	WAM Park 69	Condrieu	fullsize		facebook.com/wamparklyon	tsn44
FR	WAM Park Sesquieres Toulouse	Toulouse	fullsize			tsn44
FR	West Wake Park	Inzinzac-Lochrist	fullsize	westwakepark.fr		tsn44
FR	Atlantic Wake Park	L'Aiguillon-sur-Mer	both	atlanticwakepark.com		tsn44
FR	EXO 84 Lamotte	Lamotte-du-Rhone	both		facebook.com/exolamotte	tsn44
FR	Lakecity 33	Mios	both		facebook.com/Lakecity33	tsn44
FR	My Little Wake Park	Boissise-le-Roi	both			tsn44
FR	Rouffiac Cable Park	Lanouaille	both	rouffiaccablepark.fr		tsn44
FR	TND 47	Damazan	both	tnd47.com		tsn44
FR	TSJ Wakepark	Saint-Jean-Pla-de-Corts	both	tsjwakepark.com		tsn44
FR	WAM Park 88	Thaon-les-Vosges	both		facebook.com/Vosgeswakepark	tsn44
FR	Wake Park Plesse	Plesse	both		facebook.com/WakeParkPlesse	tsn44
FR	WAM Park 73	Montailleur	both	wam73.fr		tsn44
BE	The Spin Cablepark	Froidchapelle	both			waketricks
BE	RBSC WakePark Gent	Destelbergen	system2			waketricks
BE	Wake Up Cablepark Antwerpen	Antwerpen	both			waketricks
BE	Dock 79	Saint-Ghislain	both			waketricks
BE	Goodlife Cablepark	Hoogstraten	both			waketricks
BE	Lakeside Paradise	Knokke-Heist	both			waketricks
BE	Terhills Cablepark	Dilsen-Stokkem	fullsize			waketricks
BE	The Outsider Cable Park	Oudenaarde	fullsize			waketricks
BE	Waterskicentrum De Vossemeren	Lommel	fullsize			waketricks
CH	Alphasurf	Estavayer-le-Lac	fullsize	alphasurf.ch		waketricks
CH	Lieni Park	Wiesendangen	system2			waketricks
CH	Wakepark Romanshorn	Romanshorn	system2			waketricks
CH	Crans-Montana Wakepark	Crans-Montana	system2			waketricks
CH	Shali Lago	Taesch	system2			waketricks
CH	WakeWeeks Davos	Davos Dorf	system2			waketricks
CH	Wake Sport Center Geneve	Cologny	system2			tsn44
NL	CablePark Aquabest	Best	fullsize			waketricks
NL	Burnside Cable Park	Emst	fullsize			waketricks
NL	Beaver Creek Wake Park Roermond	Roermond	fullsize			waketricks
NL	Cablepark VIEW Almere	Almere	both			waketricks
NL	Lakeside Cablepark Zwolle	Zwolle	fullsize			waketricks
NL	Project 7 Cablepark	Rotterdam	fullsize			waketricks
NL	Wakepark Groningen	Groningen	system2			waketricks
NL	720 Cablepark	Sevenum	fullsize			waketricks
NL	Waterskicentrum de Kempervennen	Westerhoven	fullsize			waketricks
NL	Water Ski Course Sneek	Offingawier	fullsize			waketricks
NL	Waterskicentrum de Berendonck	Wijchen	fullsize			waketricks
NL	Luna Lake	Heerhugowaard	fullsize			waketricks
NL	Wollebrand Cablepark	Honselersdijk	fullsize			waketricks
NL	Schotsman Watersportcentrum	Kamperland	fullsize			waketricks
NL	Water-ski Zeumeren Watersport	Voorthuizen	fullsize			waketricks
NL	Waterski Twente	Enschede	fullsize			waketricks
NL	Watersports Center Veendam	Veendam	fullsize			waketricks
NL	Wet 'n Wild Alphen	Alphen aan den Rijn	fullsize			waketricks
DE	Wasserskilift Dresden	Dresden	fullsize			waketricks
DE	Wake and Beach Halbendorf	Schleife	fullsize			waketricks
DE	Pineapple Wakepark Rossau	Rossau	fullsize			waketricks
DE	Strandbad Jungfernheide	Berlin	system2			waketricks
DE	Magix Wake- & Freizeitpark Grossbeeren	Grossbeeren	fullsize			waketricks
DE	Wasserskipark Zossen	Zossen	fullsize			waketricks
DE	Wake and Camp Ruhlsdorf	Marienwerder	fullsize			waketricks
DE	Wet & Wild Cablepark Velten	Velten	both			waketricks
DE	Wasserski Seilbahn Neubrandenburg	Neubrandenburg	fullsize			waketricks
DE	Supieria Rostock	Rostock	fullsize			waketricks
DE	Wasserski-Lift Zachun	Neu-Zachun	fullsize			waketricks
DE	Wasserski & Wakeboard Hamburg	Hamburg	fullsize			waketricks
DE	Wasserski & Wakeboard Neuhaus/Oste	Neuhaus (Oste)	fullsize			waketricks
DE	SPOTZ Wakeboard Park	Norderstedt	fullsize			waketricks
DE	Wasserski & Wakeboard Park Suesel	Suesel	fullsize			waketricks
DE	Wasserski Weissenhaeuser Strand	Weissenhaeuser Strand	fullsize			waketricks
DE	Wakepark Fehmarn	Fehmarn	system2			waketricks
DE	Wasserskipark Damp	Damp	fullsize			waketricks
DE	Beachclub Nethen	Rastede	fullsize			waketricks
DE	Hooksieler Skiterrassen	Hooksiel	fullsize			waketricks
DE	North Bound Aurich Beach & Wake	Tannenhausen	both			waketricks
DE	Blue Bay Spadener See	Schiffdorf	fullsize			waketricks
DE	Wakegarden Oyten	Oyten	system2			waketricks
DE	Wake & Ski Garbsen	Garbsen	fullsize			waketricks
DE	Wasserski & Wakeboard Kalletal	Kalletal	fullsize			waketricks
DE	Wasserski Paderborn	Paderborn	fullsize			waketricks
DE	Cable Park Twistesee	Bad Arolsen	fullsize			waketricks
DE	Hot Sport Seepark Niederweimar	Weimar (Lahn)	fullsize			waketricks
DE	Southlake Heuchelheim	Heuchelheim	fullsize			waketricks
DE	Wasserski & Wakeboard Paradies Kirchheim	Kirchheim	fullsize			waketricks
DE	Wasserski Salzgitter	Salzgitter	both			waketricks
DE	Wakepark Wolfsburg	Wolfsburg	fullsize			waketricks
DE	Wasserski Bernsteinsee	Sassenburg	fullsize			waketricks
DE	Wasserski Langenfeld	Langenfeld	both			waketricks
DE	Amici Beach Cablepark	Wassenberg	fullsize			waketricks
DE	Suedsee Wakepark Xanten	Xanten	fullsize			waketricks
DE	Wasserski Wedau / The Bricks	Duisburg	fullsize			waketricks
DE	Wasserskianlage Toeppersee	Duisburg-Rheinhausen	fullsize			waketricks
DE	Alfsee Wasserski	Rieste	fullsize			waketricks
DE	Wasserski Schloss Dankern	Haren (Ems)	both			waketricks
DE	Wasserski Bleibtreusee	Bruehl	fullsize			waketricks
DE	WakeClubCologne	Koeln	fullsize			waketricks
DE	DOCK5 Wasserski- & Wakeboardpark Dueren	Dueren	both			waketricks
DE	WakePark Triolago	Riol	both			waketricks
DE	Wasserski Hamm	Hamm	fullsize			waketricks
DE	TwinCable Beckum	Beckum	fullsize			waketricks
DE	wakeport Rhein-Main	Raunheim	system2			waketricks
DE	Wasserski + Wakeboarding Mannheim	Mannheim	fullsize			waketricks
DE	Wasserski St. Leon	St. Leon-Rot	fullsize			waketricks
DE	Wakepark Tunisee	Freiburg im Breisgau	fullsize			waketricks
DE	Wetsports Kiefersfelden Hoedenauer See	Kiefersfelden	fullsize			waketricks
DE	Wake and Groove Geisenfeld	Geisenfeld	fullsize			waketricks
DE	Wasserskipark Aschheim	Aschheim	fullsize			waketricks
DE	Chill and Wake Friedberg	Friedberg	fullsize			waketricks
DE	Turncable Thannhausen	Thannhausen	both			waketricks
DE	Inselsee Allgaeu	Blaichach	both			waketricks
DE	Wakepark Pfullendorf	Pfullendorf	both			waketricks
DE	Wasserski & Wakeboard Gufi See	Gundelfingen	fullsize			waketricks
DE	Wakepark Brombachsee	Absberg	both			waketricks
DE	WildWakePark Steinberg am See	Steinberg am See	fullsize			waketricks
DE	Wakepark Thulba	Thulba	fullsize			waketricks
DE	Wasserski Erfurt	Erfurt	fullsize			waketricks
DE	Agora Erlebnis Muldestausee	Muldestausee	fullsize			waketricks
DE	Blaue Lagune Wachtendonk	Wachtendonk	both			waketricks
DE	Cablesport Pinneberg	Pinneberg	fullsize			waketricks
DE	Wasserski Eilenburg	Eilenburg	fullsize			waketricks
DE	Wasserski Friedenhainsee	Parkstetten	fullsize			waketricks
DE	Wasserski Heede	Heede	fullsize			waketricks
DE	HighFive Niedersfeld	Niedersfeld	both			waketricks
DE	Wasserski Hohenweiden	Schkopau	fullsize			waketricks
DE	Wasserski Idafehn	Ostrhauderfehn	fullsize			waketricks
DE	Wasserski und Wakeboard Park Jagel	Jagel	fullsize			waketricks
DE	Joho Park Ribnitz-Damgarten	Ribnitz-Damgarten	fullsize			waketricks
DE	Wasserski Leipzig	Leipzig	fullsize			waketricks
DE	Loederburger See	Stassfurt	fullsize			waketricks
DE	Wasserski Petersdorf	Bad Saarow	fullsize			waketricks
DE	Wasserski Ruegen	Zirkow	fullsize			waketricks
DE	Strandparx Magdeburg	Magdeburg	fullsize			waketricks
DE	Wakebeach 257	Dormagen	both			waketricks
DE	Wakecity Memmingen	Memmingen	system2			waketricks
DE	Waketoolz	Woerth an der Isar	both			waketricks
IT	Starwake Full Size Cable Wakeboard Park	Porto Fuori	both			waketricks
IT	Sunisland Wake Park	Augusta	system2			waketricks
IT	Turin Wake Park	Mezzi Po	both			waketricks
IT	Wake N Lake Roma	San Cesareo	fullsize			waketricks
IT	Valhalla Wakepark	Valsamoggia	system2			waketricks
IT	Cablu Wakepark	Bologna	system2			waketricks
IT	Wake Park Pontedera	Pontedera	system2			waketricks
IT	Wake Park Mi.Ma	Cervia	system2			waketricks
IT	Wake Park Ivrea	Ivrea	system2			waketricks
IT	Shaka Milano	Milano	system2			waketricks
IT	Oasi Wakepark	Quartu Sant'Elena	system2			waketricks
IT	Cable Milano	Gudo Gambaredo	system2			waketricks
IT	Wakeparadise Milano	Peschiera Borromeo	both			waketricks
IT	Wakegarden cablepark	Ferrara	system2			waketricks
IT	Como Lake Cable	Colico	system2			waketricks
IT	Wakeparadise Montichiari	Montichiari	system2			waketricks
IT	HOT LAKE Cable Park	Manoppello	both			waketricks
IT	WLAKE CLUB	San Giuliano Milanese	both			waketricks
IT	Wallygator Veronello Wakepark	Calmasino	system2			waketricks
IT	Wakeland Arena	Macerata	system2			waketricks
IT	Wakeland Camerano	Camerano	system2			waketricks
IT	Santa Barbara Wakepark	Covo	system2			waketricks
IT	Cable Wakeup	Castel Volturno	system2			waketricks
IT	IPNES Wake Park	Orzivecchi	system2			waketricks
IT	ALP Arona Wakeboard School	Oleggio Castello	system2			waketricks
IT	Veneto Cable Park	Resana	both			waketricks
IT	Green Lake Wakeboard Park	San Martino Buon Albergo	system2			waketricks
IT	Spark Wakepark	Torri di Quartesolo	system2			waketricks
IT	Wake Portici Park	Pastrengo	system2			waketricks
IT	Wakeparadise Brescia	Dello	both			waketricks
IT	Le Bateau Erbatici Wakepark	Mezzana Bigli	system2			waketricks
IT	Bunker Wakepark	Torino	system2			waketricks
IT	Lake Line Wakepark	Vallelaghi	system2			waketricks
IT	Be Wake System	Pur	system2			waketricks
IT	Wakepark Versilia	Massarosa	system2			waketricks
IT	Parco del Tevere Extreme	Roma	system2			waketricks
IT	Slide Lake Sangro	Castel di Sangro	system2			waketricks
ES	Lunar Cable Park	Cuevas del Almanzora	both			waketricks
ES	Cableski Benidorm	Benidorm	fullsize			waketricks
ES	Be Wake Park	Castelldefels	both			waketricks
ES	Cable Ski Marbella	San Pedro de Alcantara	fullsize			waketricks
ES	Cable Ski Madrid	El Espinar	fullsize			waketricks
ES	Oasis Wake Park SPM	Santa Perpetua de Mogoda	system2			waketricks
ES	Mallorca Wakepark	Alcudia	system2			waketricks
ES	El Rancho Wakepark	Riudoms	system2			waketricks
ES	Sevilla Wake Park	Sevilla	system2			waketricks
ES	Wakepark Ttom	Deltebre	system2			waketricks
ES	Wake Park Cazalegas	Cazalegas	system2			waketricks
ES	La Bocana Wake Park	Torrevieja	system2			waketricks
ES	La Cabana Wakepark	Tarragona	system2			waketricks
ES	Fornelos Wake Club	Fornelos de Montes	system2			waketricks
ES	Alpipark	Alpicat	system2			waketricks
ES	Delting Parks	La Rapita	system2			waketricks
PT	Wake Park Lagos	Lagos	system2			waketricks
PT	Furia Cablepark	Sobreira	system2			waketricks
PT	FeelViana Wake Park	Viana do Castelo	system2			waketricks
PT	WPA Wake Park	Ribeira Grande	system2			waketricks
PT	Wakeboard Portugal Aldeia do Mato	Abrantes	system2			waketricks
PT	Wakeboard Portugal Lago Azul	Lagoa Azul	system2			waketricks
PT	Wakeboard Portugal Trizio	Serta	system2			waketricks
PT	Wakeboard Portugal Montes	Casal do Rijo	system2			waketricks
PT	Wakeboard Portugal Fernandaires	Vila de Rei	system2			waketricks
AT	Wakeboardlift Wien	Wien	fullsize			waketricks
AT	Jetlake Feldkirchen	Feldkirchen	fullsize			waketricks
AT	Ausee Cable	Asten	both			waketricks
AT	AREA 47	Oetztal-Bahnhof	fullsize			waketricks
AT	SOS Wakepark Planksee	Wagendorf	fullsize			waketricks
AT	WAKE Stall	Stall	system2			waketricks
AT	Wakeground Klingenbach	Klingenbach	system2			waketricks
AT	PYwakepark	Voesendorf	fullsize			waketricks
AT	Wakebase Schwarzlsee	Unterpremstaetten	both			waketricks
AT	Wakealps Mariazell	Mariazell	system2			waketricks
AT	Waldbad Anif	Anif	system2			waketricks
GB	Let's Go Hydro	Belfast	both			waketricks
GB	Foxlake Adventures	Dunbar	system2			waketricks
GB	Wild Shore Dundee	Dundee	system2			waketricks
GB	The Wake Yard	Glasgow	system2			waketricks
GB	Box End Park	Bedford	fullsize			waketricks
GB	Thorpe Lakes	Chertsey	both			waketricks
GB	Plastic Playground Wake Park	Datchet	both			waketricks
GB	Hannam's Wake Hub	Ely	both			waketricks
GB	New Forest Water Park	Fordingbridge	both			waketricks
GB	Sheffield Cable Waterski & Aqua Park	Sheffield	fullsize			waketricks
GB	WakeUp Docklands	London	system2			waketricks
GB	Whitemills Wake & Aqua Park	Sandwich	both			waketricks
GB	Spring Lakes Watersports	Long Eaton	both			waketricks
GB	North Devon Wake Park	Bideford	both			waketricks
GB	Wild Shore Blackpool	Preston	system2			waketricks
GB	Glasfryn Parc Cable Wakepark	Pwllheli	system2			waketricks
GB	Wild Lakes Wales	Narberth	system2			waketricks
GB	Xtreme Wake	Northampton	system2			waketricks
GB	Curve Water Sports	St Osyth	system2			waketricks
GB	Wild Shore Delamere	Delamere	system2			waketricks
GB	Pier 52 Watersports	Burntwood	system2			waketricks
GB	South Coast Wakepark	Portsmouth	system2			waketricks
GB	Hove Lagoon Watersports	Hove	system2			waketricks
GB	Salford Wake Park	Salford	system2			waketricks
GB	North East Wake Park	Stockton-on-Tees	system2			waketricks
GB	Spot On Wake	Henley-in-Arden	system2			waketricks
GB	North Yorkshire Water Park	Wykeham	system2			waketricks
GB	Quays Watersports	Camberley	system2			waketricks
IE	Ballyhass Wake Park	Mallow	system2			waketricks
SE	Flip'n Fun Wakepark	Skummeslovsstrand	both			waketricks
SE	Fagersta Wakepark	Fagersta	fullsize			waketricks
SE	Vasteras Wake Park	Vasteras	system2			waketricks
SE	Malmo Wake Park	Malmo	system2			waketricks
SE	Skane Wake Park	Limhamn	system2			waketricks
SE	LKPG Wake Park	Linkoping	system2			waketricks
SE	Lagunen Wake Park	Harryda	system2			waketricks
SE	Bromolla Cable Park	Bromolla	system2			waketricks
SE	Halmstad Wakepark	Halmstad	system2			waketricks
SE	Kalmar Wakepark	Kalmar	system2			waketricks
SE	Poppy Park	Ulricehamn	system2			waketricks
SE	Varnamo Wake Park	Varnamo	system2			waketricks
SE	Bengen Wakepark	Knared	system2			waketricks
SE	Surfbukten	Froson	system2			waketricks
SE	Breddas Wakepark	Uddevalla	system2			waketricks
DK	Kabelpark Hvide Sande	Hvide Sande	both			waketricks
DK	Copenhagen Cable Park	Kobenhavn	both			waketricks
DK	Thy Cablepark Cold Hawaii Inland	Thisted	fullsize			waketricks
DK	Herning Havn Cablepark	Herning	both			waketricks
DK	Aalborg Cable Park	Aalborg	system2			waketricks
DK	Aarhus Watersports Complex	Aarhus	system2			waketricks
DK	Cable Fun Struer	Struer	system2			waketricks
DK	Assens Cablepark	Assens	system2			waketricks
DK	Esbjerg Cable Park	Esbjerg	system2			waketricks
DK	Korsor Cable Park	Korsor	system2			waketricks
NO	Norsjo Kabelpark	Akkerhaugen	fullsize			waketricks
NO	Seaside Cablepark Hamar	Hamar	system2			waketricks
NO	Furrebanen Wakeboardpark	Rykene	system2			waketricks
NO	Surf City Tonsberg	Tonsberg	system2			waketricks
NO	Lagen Kabelpark	Kongsberg	system2			waketricks
FI	Halla Wake Park	Hyrynsalmi	fullsize			waketricks
FI	Laguuni Keilis	Espoo	system2			waketricks
FI	Laguuni Hietsu	Helsinki	system2			waketricks
FI	Ridenjoy Wake Park	Helsinki	system2			waketricks
FI	Vanaja Wake & SUP	Hameenlinna	system2			waketricks
FI	Tohloppi Wake	Tampere	system2			waketricks
FI	EPOP Wake	Seinajoki	system2			waketricks
FI	Wake Park Imatra	Imatra	system2			waketricks
FI	Vesiurheilukeskus Laituri	Joensuu	system2			waketricks
FI	Go Vuokatti Wakepark	Vuokatti	system2			waketricks
FI	Oulu Wake Park	Oulu	system2			waketricks
FI	Roiske	Rovaniemi	system2			waketricks
FI	Harjavalta Watersportspark	Harjavalta	system2			waketricks
PL	Wild Wake City	Czestochowa	system2			waketricks
PL	Wakepark Rueda Januszkowice	Januszkowice	both			waketricks
PL	Wake Zone Stawiki	Sosnowiec	both			waketricks
PL	Wake Park Goczalkowice-Zdroj	Goczalkowice-Zdroj	system2			waketricks
PL	Wakepark Krakow	Kryspinow	system2			waketricks
PL	Wake Family Brwinow	Brwinow	both			waketricks
PL	Central Wake Park	Glowno	both			waketricks
PL	Wake & Roll Park	Lodz	system2			waketricks
PL	Lisowice Wake Park	Lisowice	system2			waketricks
PL	Wawa Wake	Bielawa	system2			waketricks
PL	WakePort Kaniow	Kaniow	system2			waketricks
PL	Wakepark Bydgoszcz	Bydgoszcz	system2			waketricks
PL	WakeSpot Owinska	Owinska	system2			waketricks
PL	ALOHA PARK Wakepark Krakow	Krakow	system2			waketricks
PL	WakePark Wroclaw	Wroclaw	system2			waketricks
PL	Wake Park Malta	Poznan	system2			waketricks
PL	WakePoint Bagry	Krakow	system2			waketricks
PL	Wake Park Slawa	Slawa	unknown			waketricks
PL	Wake for Friends	Chrzanow Maly	unknown			waketricks
PL	Wakepark Zalesie	Zalesie Gorne	system2			waketricks
PL	Wake Park Gdansk	Kielno	system2			waketricks
PL	Wakepark Piaski	Ostrow Wielkopolski	unknown			waketricks
PL	WakePark Koszalin	Koszalin	unknown			waketricks
PL	Wake City Steszew	Steszew	system2			waketricks
PL	Wakepark Drzewica	Drzewica	unknown			waketricks
PL	Wakepark Kornik	Kornik	system2			waketricks
PL	Wake Trip Lipnica	Lipnica	system2			waketricks
PL	Wakepark Sierakow	Sierakow	unknown			waketricks
PL	Sloneczna Wake Park	Margonin	unknown			waketricks
PL	WakePark Trzcianka	Trzcianka	unknown			waketricks
PL	Wake Park TBG Jezioro Tarnobrzeskie	Tarnobrzeg	system2			waketricks
PL	Wake Park Nowa Sol	Nowa Sol	unknown			waketricks
PL	Wake Love Konstancin	Konstancin-Jeziorna	unknown			waketricks
PL	Wakepark Tarnow	Radlow	unknown			waketricks
PL	Wake Family Trzciany	Trzciany	system2			waketricks
PL	Wake Up Park Stara Morawa	Stara Morawa	system2			waketricks
PL	Wakepark Skorzecin	Skorzecin	system2			waketricks
PL	WAKEownia Park Chrzastawa	Chrzastawa Wielka	unknown			waketricks
PL	Wake Zone Rzeszow	Czarna	system2			waketricks
PL	Wakepark Gorzow	Klodawa	system2			waketricks
PL	Wake Park Szczecin	Szczecin	system2			waketricks
PL	Wake Farma	Warszawa	system2			waketricks
PL	Wake Park Dobra Energia	Jezierzany	system2			waketricks
PL	Wakepark Ostroda	Ostroda	fullsize			waketricks
PL	Nice Bay Wakepark Olsztyn	Olsztyn	system2			waketricks
PL	Wake Park Skierniewice	Skierniewice	unknown			waketricks
PL	Wakeup Radzymin	Radzymin	system2			waketricks
PL	Wakepark Slesin	Slesin	system2			waketricks
PL	Relaks Lublin	Dabrowica	system2			waketricks
PL	Kuwakawake Pobiedziska	Pobiedziska	system2			waketricks
PL	WakePark Pionki	Pionki	system2			waketricks
PL	Wakepark Szczecinek	Szczecinek	fullsize			waketricks
PL	Waterfun Dojlidy	Bialystok	system2			waketricks
PL	Wake & Skate Park Ksiazenice	Ksiazenice	system2			waketricks
PL	Wakepark Sobotka	Kepice	system2			waketricks
PL	Wakeprojekt Slawutowko	Slawutowko	system2			waketricks
PL	WakeShock Bilgoraj	Bilgoraj	system2			waketricks
CZ	Wake park Hlucin	Hlucin	fullsize			waketricks
CZ	Wake Sport Park Ceska Lipa	Ceska Lipa	system2			waketricks
CZ	Cable Wake Park Straz	Straz pod Ralskem	both			waketricks
CZ	Wake Port Brandys	Brandys nad Labem	fullsize			waketricks
CZ	Ski & Wake Park Terlicko	Terlicko	fullsize			waketricks
CZ	Wakepark Hradec Kralove	Hradec Kralove	both			waketricks
CZ	Wake Park Mercury	Pasohlavky	both			waketricks
CZ	Wake Park Dzban	Praha 6	system2			waketricks
CZ	Wake Point Holoubkov	Holoubkov	system2			waketricks
CZ	Wake Frymburk	Frymburk	system2			waketricks
CZ	Wake Jedovnice	Jedovnice	system2			waketricks
CZ	Wakepark Ceske Budejovice	Ceske Budejovice	system2			waketricks
CZ	WakePark Chomutov	Chomutov	both			waketricks
CZ	Wakeboard Sec	Sec	system2			waketricks
CZ	Wake Ejpovice	Ejpovice	system2			waketricks
CZ	Wake Hostivar	Praha 15	system2			waketricks
CZ	WakeVary	Karlovy Vary	system2			waketricks
CZ	Wake Karvanky	Sobeslav	system2			waketricks
CZ	Wakepark Trebic	Trebic	system2			waketricks
CZ	Wake park Mnichovo Hradiste	Mnichovo Hradiste	system2			waketricks
CZ	Wakepark Hnacov	Hnacov	system2			waketricks
SK	Wakelake Bratislava	Bratislava	fullsize			waketricks
SK	Wakepark Banska Bystrica	Banska Bystrica	system2			waketricks
SK	Propaganda Freestyle Park	Liptovsky Mikulas	system2			waketricks
SK	WakeSoul Beach	Piestany	fullsize			waketricks
SK	Trixen Park Kosice	Kosice	fullsize			waketricks
SK	WakeVinnay	Vinne	system2			waketricks
HU	Wakeboard Cable WCP Gyor	Ikreny	both			waketricks
HU	Omsk Wakeboard Center	Budakalasz	fullsize			waketricks
HU	Central Wakeboard Park Pecs	Pecs	both			waketricks
HU	Lupa Wakeboard and Water Ski Lake	Budakalasz	both			waketricks
HU	Venice Beach Cable Park	Velence	fullsize			waketricks
HU	DH Wake Dunaharaszti	Dunaharaszti	fullsize			waketricks
HU	Vonyarcvashegyi vizisi es wakeboard palya	Vonyarcvashegy	system2			waketricks
HU	Bamboo Sziget Vizisi Wakeboard	Siofok	fullsize			waketricks
HU	Fured Wake	Balatonfured	fullsize			waketricks
HU	Rebel Beach Wakeboard	Martonvasar	system2			waketricks
HU	Vice Beach Vizisport Centrum	Hejokeresztur	fullsize			waketricks
HU	Sun City Szabadidokozpont	Hodmezovasarhely	both			waketricks
HU	Rukkel Wake	Taksony	fullsize			waketricks
HU	Levelek wakeboard	Levelek	unknown			waketricks
HU	Lake Board Gyomro	Gyomro	system2			waketricks
SI	Wakepark Dooplek	Spodnji Duplek	fullsize			waketricks
SI	Green Lake Kidricevo	Kidricevo	fullsize			waketricks
SI	Wake Park Smartinsko jezero	Smartno v Rozni dolini	system2			waketricks
HR	Wakeboard Cable Krk	Krk	fullsize			waketricks
HR	Wakepark Cable Pag	Kolan	fullsize			waketricks
HR	Ski Lift Porec	Porec	fullsize			waketricks
HR	Cable Park Split	Kastel Stafilic	fullsize			waketricks
HR	Wake Park Pula	Pula	fullsize			waketricks
HR	Wakeboard Park Pomer	Medulin	system2			waketricks
RS	Aqua Ski Belgrade	Beograd	fullsize			waketricks
RO	A2Wake	Sarulesti-Gara	both			waketricks
RO	Lacul lui Binder	Sibiu	both			waketricks
RO	TRQZ Lake	Crivina	system2			waketricks
BG	Wake Park Burgas	Burgas	fullsize			waketricks
BG	WakePark Varna	Varna	system2			waketricks
BG	Wake Park Welldoers	Kalekovets	system2			waketricks
BG	Wakeboard Alternative	Bratushkovo	system2			waketricks
LT	313 Cable Park	Uzpelkiai	fullsize			waketricks
LT	Vanduo Marse	Zemaitkiemis	fullsize			waketricks
LT	Splash wakepark	Suderve	fullsize			waketricks
LT	Wake Way	Nemezis	fullsize			waketricks
LT	Wake Inn Zarasai	Zarasai	fullsize			waketricks
LT	Mad Bay Wakepark Klaipeda	Zemgrindziai	both			waketricks
LT	Wake Inn Vilnius	Vilnius	system2			waketricks
LT	AWAY Elektrenai	Elektrenai	system2			waketricks
LT	Wake Up Kaunas Lampedziai	Kaunas	system2			waketricks
LT	Dock7 Akademija	Akademija	system2			waketricks
LT	DOCK7 Kulautuva	Kulautuva	system2			waketricks
LT	Wake Jonava	Jonava	system2			waketricks
LT	WakePark Palanga	Palanga	system2			waketricks
LT	Wake Village Gribze	Klaipeda	system2			waketricks
LT	Aukstatyris	Klaipeda	system2			waketricks
LT	Flip Point Moletai	Moletai	system2			waketricks
LT	UWP Ukmerges Wake Parkas	Ukmerge	system2			waketricks
LT	Elev8 Cable Park	Elektrenai	system2			waketricks
LT	Birstonas Wake Park	Birstonas	system2			waketricks
LT	FOX wakepark	Siauliai	system2			waketricks
LT	Liberty Beach	Taurage	system2			waketricks
LT	WakePond Anyksciai	Anyksciai	system2			waketricks
FR	Wakepark de Torcy	Torcy	fullsize			likeepic
FR	Bretigny Wakepark	Bretigny-sur-Orge	fullsize			likeepic
FR	Bois-le-Roi Wake Park	Bois-le-Roi	fullsize			likeepic
FR	Wakepark de Tigery	Tigery	system2			likeepic
FR	Wakepark de Sequedin	Sequedin	fullsize			likeepic
FR	Wakepark d'Aubigny	Aubigny-au-Bac	both			likeepic
FR	Le Lac Park Reims	Reims	fullsize			likeepic
FR	Wakepark de Pont-a-Mousson	Pont-a-Mousson	system2			likeepic
FR	Teleski Nautique d'Aubiere	Aubiere	fullsize			likeepic
FR	Cap d'Agde Wakepark	Agde	fullsize			likeepic
FR	Wakepark Saint-Cyr-sur-Mer	Saint-Cyr-sur-Mer	fullsize			likeepic
FR	Hossegor Wakepark	Soorts-Hossegor	unknown			likeepic
FR	Beziers Wakepark	Beziers	unknown			likeepic
FR	Argeles Wakepark	Argeles-sur-Mer	unknown			likeepic
FR	WAM Park Montauban	Bressols	fullsize	wampark.fr		wampark
FR	WAM Park Orange	Piolenc	fullsize	wampark.fr		wampark
